{"_id":{"$oid":"5570cfd0e0d724a4d7f2c1b0"},"password":"diangxu","username":"diangxu","is deleted" : false}
{"_id":{"$oid":"5570cfe1e0d724a4d7f2c1b1"},"password":"milson","username":"milson","is deleted" : false}
{"_id":{"$oid":"5570cfeae0d724a4d7f2c1b2"},"password":"thomas","username":"thomas","is deleted" : false}
{"_id":{"$oid":"5570cff1e0d724a4d7f2c1b3"},"password":"hector","username":"hector","is deleted" : false}
{"_id":{"$oid":"5570dc6ce0d724a4d7f2c1b7"},"password":"arthur","username":"arthur","is deleted" : false}
