{"_id":{"$oid":"5570cf87e0d724a4d7f2c1af"},"details":[{"college":"College of Engineering","department":"CS","position title":"Research Staff","position type":"Research Associate"},{"college":"College of Engineering","department":"EE","position title":"Research Staff","position type":"Business Manager"}],"email":["aaa@u.boisestate.edu","aasfdf@boisestate.edu"],"first name":"Milson","last name":"Munakami","middle name":"","phone number":["2082202943","2082208446"],"user id":{"$oid":"5570cfe1e0d724a4d7f2c1b1"}}
{"_id":{"$oid":"5570d292e0d724a4d7f2c1b4"},"details":[{"college":"College of Engineering","department":"CS","position title":"Assistant professor","position type":"Tenured faculty"},{"college":"College of Engineering","department":"EE","position title":"Department chair","position type":"Administrator"}],"email":["aaa@u.boisestate.edu","aasfdf@boisestate.edu"],"first name":"Thomas","last name":"Volz","middle name":"","phone number":["2323232232","3232323232"],"user id":{"$oid":"5570cfeae0d724a4d7f2c1b2"}}
{"_id":{"$oid":"5570d355e0d724a4d7f2c1b5"},"details":[{"college":"College of Engineering","department":"CS","position title":"Business manager","position type":"Professional staff"}],"email":["calembo15@hotmail.com","aasfdf@boisestate.edu"],"first name":"Hector","last name":"Ortiz","middle name":"","phone number":["1323223223","4343434343"],"user id":{"$oid":"5570cff1e0d724a4d7f2c1b3"}}
{"_id":{"$oid":"5570d46be0d724a4d7f2c1b6"},"details":[{"college":"College of Engineering","department":"CS","position title":"Department chair","position type":"Administrator"},{"college":"College of Engineering","department":"CS","position title":"Distinguished professor","position type":"Tenured faculty"}],"email":["dianxiangxu@boisestate.edu","dianxiangxu@gmail.edu"],"first name":"Dianxiang","last name":"Xu","middle name":"","phone number":["1234232322","6565656556"],"user id":{"$oid":"5570cfd0e0d724a4d7f2c1b0"}}
{"_id":{"$oid":"5570dcd9e0d724a4d7f2c1b8"},"details":[{"college":"College of Engineering","department":"EE","position title":"Visiting professor","position type":"Non-tenure-track research faculty"}],"email":["sungju@boisestate.edu","dfsfds@gmail.edu"],"first name":"Sung-Ju","last name":"Chiang","middle name":"Fan","phone number":["2323232222","4353433333"],"user id":{"$oid":"5570dc6ce0d724a4d7f2c1b7"}}
